Geography,2010 Mood Disorders Hospitalization No.,2010 Mood Disorders Hospitalization Rate*,2010 Male Mood Disorders Hospitalization No.,2010 Male Mood Disorders Hospitalization Rate*,2010 Female Mood Disorders Hospitalization No.,2010 Female Mood Disorders Hospitalization Rate*,2010 White Mood Disorders Hospitalization No.,2010 White Mood Disorders Hospitalization Rate*,2010 Black Mood Disorders Hospitalization No.,2010 Black Mood Disorders Hospitalization Rate*,2010 Hispanic Mood Disorders Hospitalization No.,2010 Hispanic Mood Disorders Hospitalization Rate*,2010 API‡ Mood Disorders Hospitalization No.,2010 API‡ Mood Disorders Hospitalization Rate*,2010 Other Race‡ Mood Disorders Hospitalization No.,2010 Other Race‡ Mood Disorders Hospitalization Rate*,2010 Ages 0‐14 Mood Disorders Hospitalization No.,2010 Ages 0‐14 Mood Disorders Hospitalization Rate*,2010 Ages 15-24 Mood Disorders Hospitalization No.,2010 Ages 15-24 Mood Disorders Hospitalization Rate*,2010 Ages 25-44 Mood Disorders Hospitalization No.,2010 Ages 25-44 Mood Disorders Hospitalization Rate*,2010 Ages 45-64 Mood Disorders Hospitalization No.,2010 Ages 45-64 Mood Disorders Hospitalization Rate*,2010 Ages 65+ Mood Disorders Hospitalization No.,2010 Ages 65+ Mood Disorders Hospitalization Rate*,2011 Mood Disorders Hospitalization No.,2011 Mood Disorders Hospitalization Rate*,2011 Male Mood Disorders Hospitalization No.,2011 Male Mood Disorders Hospitalization Rate*,2011 Female Mood Disorders Hospitalization No.,2011 Female Mood Disorders Hospitalization Rate*,2011 White Mood Disorders Hospitalization No.,2011 White Mood Disorders Hospitalization Rate*,2011 Black Mood Disorders Hospitalization No.,2011 Black Mood Disorders Hospitalization Rate*,2011 Hispanic Mood Disorders Hospitalization No.,2011 Hispanic Mood Disorders Hospitalization Rate*,2011 API‡ Mood Disorders Hospitalization No.,2011 API‡ Mood Disorders Hospitalization Rate*,2011 Other Race‡ Mood Disorders Hospitalization No.,2011 Other Race‡ Mood Disorders Hospitalization Rate*,2011 Ages 0‐14 Mood Disorders Hospitalization No.,2011 Ages 0‐14 Mood Disorders Hospitalization Rate*,2011 Ages 15-24 Mood Disorders Hospitalization No.,2011 Ages 15-24 Mood Disorders Hospitalization Rate*,2011 Ages 25-44 Mood Disorders Hospitalization No.,2011 Ages 25-44 Mood Disorders Hospitalization Rate*,2011 Ages 45-64 Mood Disorders Hospitalization No.,2011 Ages 45-64 Mood Disorders Hospitalization Rate*,2011 Ages 65+ Mood Disorders Hospitalization No.,2011 Ages 65+ Mood Disorders Hospitalization Rate*,2012 Mood Disorders Hospitalization No.,2012 Mood Disorders Hospitalization Rate*,2012 Male Mood Disorders Hospitalization No.,2012 Male Mood Disorders Hospitalization Rate*,2012 Female Mood Disorders Hospitalization No.,2012 Female Mood Disorders Hospitalization Rate*,2012 White Mood Disorders Hospitalization No.,2012 White Mood Disorders Hospitalization Rate*,2012 Black Mood Disorders Hospitalization No.,2012 Black Mood Disorders Hospitalization Rate*,2012 Hispanic Mood Disorders Hospitalization No.,2012 Hispanic Mood Disorders Hospitalization Rate*,2012 API‡ Mood Disorders Hospitalization No.,2012 API‡ Mood Disorders Hospitalization Rate*,2012 Other Race‡ Mood Disorders Hospitalization No.,2012 Other Race‡ Mood Disorders Hospitalization Rate*,2012 Ages 0‐14 Mood Disorders Hospitalization No.,2012 Ages 0‐14 Mood Disorders Hospitalization Rate*,2012 Ages 15-24 Mood Disorders Hospitalization No.,2012 Ages 15-24 Mood Disorders Hospitalization Rate*,2012 Ages 25-44 Mood Disorders Hospitalization No.,2012 Ages 25-44 Mood Disorders Hospitalization Rate*,2012 Ages 45-64 Mood Disorders Hospitalization No.,2012 Ages 45-64 Mood Disorders Hospitalization Rate*,2012 Ages 65+ Mood Disorders Hospitalization No.,2012 Ages 65+ Mood Disorders Hospitalization Rate*,2010 Mood Disorders Emergency Department Discharge No.,2010 Mood Disorders Emergency Department Discharge Rate*,2010 Male Mood Disorders Emergency Department Discharge No.,2010 Male Mood Disorders Emergency Department Discharge Rate*,2010 Female Mood Disorders Emergency Department Discharge No.,2010 Female Mood Disorders Emergency Department Discharge Rate*,2010 White Mood Disorders Emergency Department Discharge No.,2010 White Mood Disorders Emergency Department Discharge Rate*,2010 Black Mood Disorders Emergency Department Discharge No.,2010 Black Mood Disorders Emergency Department Discharge Rate*,2010 Hispanic Mood Disorders Emergency Department Discharge No.,2010 Hispanic Mood Disorders Emergency Department Discharge Rate*,2010 API‡ Mood Disorders Emergency Department Discharge No.,2010 API‡ Mood Disorders Emergency Department Discharge Rate*,2010 Other Race‡ Mood Disorders Emergency Department Discharge No.,2010 Other Race‡ Mood Disorders Emergency Department Discharge Rate*,2010 Ages 0‐14 Mood Disorders Emergency Department Discharge No.,2010 Ages 0‐14 Mood Disorders Emergency Department Discharge Rate*,2010 Ages 15-24 Mood Disorders Emergency Department Discharge No.,2010 Ages 15-24 Mood Disorders Emergency Department Discharge Rate*,2010 Ages 25-44 Mood Disorders Emergency Department Discharge No.,2010 Ages 25-44 Mood Disorders Emergency Department Discharge Rate*,2010 Ages 45-64 Mood Disorders Emergency Department Discharge No.,2010 Ages 45-64 Mood Disorders Emergency Department Discharge Rate*,2010 Ages 65+ Mood Disorders Emergency Department Discharge No.,2010 Ages 65+ Mood Disorders Emergency Department Discharge Rate*,2011 Mood Disorders Emergency Department Discharge No.,2011 Mood Disorders Emergency Department Discharge Rate*,2011 Male Mood Disorders Emergency Department Discharge No.,2011 Male Mood Disorders Emergency Department Discharge Rate*,2011 Female Mood Disorders Emergency Department Discharge No.,2011 Female Mood Disorders Emergency Department Discharge Rate*,2011 White Mood Disorders Emergency Department Discharge No.,2011 White Mood Disorders Emergency Department Discharge Rate*,2011 Black Mood Disorders Emergency Department Discharge No.,2011 Black Mood Disorders Emergency Department Discharge Rate*,2011 Hispanic Mood Disorders Emergency Department Discharge No.,2011 Hispanic Mood Disorders Emergency Department Discharge Rate*,2011 API‡ Mood Disorders Emergency Department Discharge No.,2011 API‡ Mood Disorders Emergency Department Discharge Rate*,2011 Other Race‡ Mood Disorders Emergency Department Discharge No.,2011 Other Race‡ Mood Disorders Emergency Department Discharge Rate*,2011 Ages 0‐14 Mood Disorders Emergency Department Discharge No.,2011 Ages 0‐14 Mood Disorders Emergency Department Discharge Rate*,2011 Ages 15-24 Mood Disorders Emergency Department Discharge No.,2011 Ages 15-24 Mood Disorders Emergency Department Discharge Rate*,2011 Ages 25-44 Mood Disorders Emergency Department Discharge No.,2011 Ages 25-44 Mood Disorders Emergency Department Discharge Rate*,2011 Ages 45-64 Mood Disorders Emergency Department Discharge No.,2011 Ages 45-64 Mood Disorders Emergency Department Discharge Rate*,2011 Ages 65+ Mood Disorders Emergency Department Discharge No.,2011 Ages 65+ Mood Disorders Emergency Department Discharge Rate*,2012 Mood Disorders Emergency Department Discharge No.,2012 Mood Disorders Emergency Department Discharge Rate*,2012 Male Mood Disorders Emergency Department Discharge No.,2012 Male Mood Disorders Emergency Department Discharge Rate*,2012 Female Mood Disorders Emergency Department Discharge No.,2012 Female Mood Disorders Emergency Department Discharge Rate*,2012 White Mood Disorders Emergency Department Discharge No.,2012 White Mood Disorders Emergency Department Discharge Rate*,2012 Black Mood Disorders Emergency Department Discharge No.,2012 Black Mood Disorders Emergency Department Discharge Rate*,2012 Hispanic Mood Disorders Emergency Department Discharge No.,2012 Hispanic Mood Disorders Emergency Department Discharge Rate*,2012 API‡ Mood Disorders Emergency Department Discharge No.,2012 API‡ Mood Disorders Emergency Department Discharge Rate*,2012 Other Race‡ Mood Disorders Emergency Department Discharge No.,2012 Other Race‡ Mood Disorders Emergency Department Discharge Rate*,2012 Ages 0‐14 Mood Disorders Emergency Department Discharge No.,2012 Ages 0‐14 Mood Disorders Emergency Department Discharge Rate*,2012 Ages 15-24 Mood Disorders Emergency Department Discharge No.,2012 Ages 15-24 Mood Disorders Emergency Department Discharge Rate*,2012 Ages 25-44 Mood Disorders Emergency Department Discharge No.,2012 Ages 25-44 Mood Disorders Emergency Department Discharge Rate*,2012 Ages 45-64 Mood Disorders Emergency Department Discharge No.,2012 Ages 45-64 Mood Disorders Emergency Department Discharge Rate*,2012 Ages 65+ Mood Disorders Emergency Department Discharge No.,2012 Ages 65+ Mood Disorders Emergency Department Discharge Rate*
San Diego County (Actual Rate),9849,318.2,4200,270.3,5649,366.4,6864,457.6,716,488.4,1544,155.69999999999999,309,90.5,213,184,732,122.8,2228,449.3,2876,322.60000000000002,3193,419.9,820,233.3,10307,330.8,4361,279.10000000000002,5946,382.9,6964,465.6,702,491.2,1657,163.9,339,97.2,370,314.10000000000002,802,135.1,2457,492.8,3086,346.4,3141,407.4,821,226.9,10755,342.1,4651,295.10000000000002,6104,389.4,7093,475.3,742,532.29999999999995,1881,181.7,304,85.4,475,394,854,141.80000000000001,2563,509.8,3109,349.3,3232,417.6,997,266.2,4752,153.5,2303,148.19999999999999,2449,158.9,3209,213.9,401,273.5,844,85.1,123,36,127,109.7,155,26,1009,203.5,1703,191,1580,207.8,305,86.8,5179,166.2,2459,157.30000000000001,2720,175.1,3345,223.7,451,315.60000000000002,940,93,163,46.7,207,175.7,190,32,1043,209.2,1942,218,1644,213.2,360,99.5,5380,171.2,2581,163.80000000000001,2799,178.6,3531,236.6,426,305.60000000000002,997,96.3,154,43.3,244,202.4,205,34,1203,239.3,1852,208.1,1716,221.7,404,107.9
San Diego County (Age‐Adjusted Rate),9849,310.7,,,,,,,,,,,,,,,,,,,,,,,,,10307,322.5,,,,,,,,,,,,,,,,,,,,,,,,,10755,334.7,,,,,,,,,,,,,,,,,,,,,,,,,4752,149,,,,,,,,,,,,,,,,,,,,,,,,,5179,161.6,,,,,,,,,,,,,,,,,,,,,,,,,5380,166.8,,,,,,,,,,,,,,,,,,,,,,,,
Central Region,2157,445.3,1069,431.6,1088,459.6,1266,881.4,329,580.5,419,205,65,101.8,49,309,102,113.6,324,389.7,759,470.1,833,780.6,139,321.2,2190,451,1112,448.2,1078,453.9,1294,909.3,293,534.1,418,201.1,79,122.4,51,318.2,97,107.7,373,464.5,762,468.7,816,751.9,142,322.3,2399,490.8,1212,485.8,1187,496.1,1386,978.8,350,659.8,485,228.4,59,90.3,67,408.7,154,166.9,404,514.29999999999995,812,496.8,835,763.2,194,430.1,961,198.4,534,215.6,427,180.4,532,370.4,182,321.10000000000002,189,92.5,26,40.700000000000003,19,119.8,21,23.4,124,149.1,382,236.6,391,366.4,43,99.4,1005,207,562,226.5,443,186.5,566,397.7,199,362.8,177,85.2,30,46.5,22,137.30000000000001,22,24.4,123,153.19999999999999,418,257.10000000000002,386,355.7,56,127.1,1127,230.6,694,278.10000000000002,433,181,678,478.8,181,341.2,192,90.4,28,42.8,41,250.1,25,27.1,156,198.6,416,254.5,455,415.9,75,166.3
Central San Diego,1082,653.5,597,659.5,485,646.20000000000005,753,915,113,984.1,158,274.2,21,247.1,26,458,26,134.30000000000001,108,469.8,392,562.20000000000005,473,1246.4000000000001,83,534,1049,632.1,610,673.4,439,582.4,729,890.7,106,953.8,133,226.8,25,290,26,453.4,16,79.599999999999994,135,651,391,555.29999999999995,437,1130.0999999999999,70,436.2,1209,724.7,684,752.6,525,691.4,798,979.8,146,1359.2,182,303.3,18,205.1,38,648.79999999999995,19,88.8,166,872.3,458,648.20000000000005,459,1175.0999999999999,107,641.79999999999995,482,291.10000000000002,303,334.7,179,238.5,321,390.1,80,696.7,66,114.5,<5,§,9,158.5,<5,§,42,182.7,187,268.2,218,574.5,31,199.5,548,330.2,346,382,202,268,371,453.3,91,818.8,53,90.4,15,174,14,244.2,5,24.9,44,212.2,234,332.3,232,600,33,205.6,631,378.3,421,463.2,210,276.5,433,531.70000000000005,96,893.7,62,103.3,7,79.8,27,461,<5,§,49,257.5,239,338.3,292,747.6,47,281.89999999999998
Mid‐City,610,374.1,264,325.10000000000002,346,422.8,353,760,92,476.2,127,185.5,20,84.9,12,228.4,42,124.2,103,309.5,212,420.6,216,659.2,37,289.39999999999998,671,411.2,292,359.3,379,462.6,393,859.1,81,430.9,128,184,32,134.5,19,358.3,34,100.6,125,386.5,234,461.8,236,704.9,42,325.39999999999998,625,379,280,341,345,416.7,358,784.8,85,462.5,125,175.4,23,95,15,276.10000000000002,60,174,102,318.39999999999998,180,351.6,216,634.4,67,509.2,245,150.30000000000001,121,149,124,151.5,144,310,30,155.30000000000001,54,78.900000000000006,7,29.7,5,95.2,<5,§,38,114.2,101,200.4,96,293,7,54.8,237,145.19999999999999,121,148.9,116,141.6,120,262.3,50,266,53,76.2,6,25.2,6,113.1,5,14.8,38,117.5,103,203.3,76,227,15,116.2,255,154.6,137,166.9,118,142.5,152,333.2,36,195.9,48,67.3,9,37.200000000000003,9,165.7,8,23.2,52,162.30000000000001,93,181.7,83,243.8,19,144.4
Southeastern San Diego,465,298.39999999999998,208,273.8,257,321.89999999999998,160,1073.9000000000001,124,479.2,134,171.2,24,75.400000000000006,11,223.3,34,92.7,113,420.6,155,375.1,144,400,19,127,470,300.5,210,275.39999999999998,260,324.3,172,1168.7,106,424.9,157,197.2,22,68.5,6,120.2,47,129.80000000000001,113,415.2,137,330.1,143,393.1,30,198.6,565,359.8,248,324.10000000000002,317,393.7,230,1582.3,119,497.4,178,219.5,18,55.6,14,274.3,75,206.2,136,494.7,174,418.4,160,440.8,20,130.9,234,150.19999999999999,110,144.80000000000001,124,155.30000000000001,67,449.7,72,278.2,69,88.1,16,50.3,5,101.5,14,38.200000000000003,44,163.80000000000001,94,227.5,77,213.9,5,33.4,220,140.69999999999999,95,124.6,125,155.9,75,509.6,58,232.5,71,89.2,9,28,<5,§,12,33.1,41,150.6,81,195.2,78,214.4,8,53,241,153.5,136,177.7,105,130.4,93,639.79999999999995,49,204.8,82,101.1,12,37.1,5,98,13,35.700000000000003,55,200,84,202,80,220.4,9,58.9
East Region,2035,439.4,826,362.2,1209,514.29999999999995,1574,563.6,132,496.7,231,199.8,27,130.6,30,142.9,131,145.6,495,722.4,532,439,701,550,176,314.60000000000002,2025,433.9,787,342.5,1238,522.70000000000005,1458,522.5,134,514.5,255,214.4,20,94.3,94,438.6,117,131.19999999999999,454,654.29999999999995,635,525.20000000000005,632,491,187,319.7,2150,457.5,905,390.8,1245,522.20000000000005,1518,545.70000000000005,103,404.4,297,242,27,124.8,149,677.7,157,174.6,489,698.6,674,558.9,612,477.4,218,355.8,867,187.2,391,171.5,476,202.5,645,231,64,240.8,113,97.7,20,96.7,17,81,26,28.9,216,315.2,309,255,274,215,42,75.099999999999994,959,205.5,426,185.4,533,225,664,238,77,295.60000000000002,107,90,10,47.1,66,308,29,32.5,190,273.8,389,321.7,282,219.1,69,118,973,207,421,181.8,552,231.5,671,241.2,73,286.60000000000002,121,98.6,9,41.6,94,427.6,30,33.4,208,297.10000000000002,356,295.2,300,234,79,128.9
Alpine,64,425.7,24,321.8,40,528,54,457.2,<5,§,6,270.89999999999998,<5,§,<5,§,<5,§,23,1165.7,14,427.7,22,451.7,<5,§,52,343,18,238.9,34,445.9,45,382.6,<5,§,<5,§,<5,§,<5,§,<5,§,19,896.2,13,409.2,12,244.2,5,224.6,73,479.4,28,370.7,45,586.5,46,394.2,<5,§,9,363.3,<5,§,12,2234.6,10,381.8,24,1080.0999999999999,18,574.70000000000005,15,312.39999999999998,6,244.8,24,159.6,13,174.3,11,145.19999999999999,22,186.3,<5,§,<5,§,<5,§,<5,§,<5,§,7,354.8,10,305.5,7,143.69999999999999,<5,§,22,145.1,9,119.5,13,170.5,17,144.5,<5,§,<5,§,<5,§,<5,§,<5,§,<5,§,9,283.3,7,142.5,<5,§,27,177.3,11,145.6,16,208.5,19,162.80000000000001,<5,§,<5,§,<5,§,<5,§,<5,§,8,360,8,255.4,6,124.9,<5,§
El Cajon,438,351.7,188,308.60000000000002,250,393.1,327,443.9,35,500.1,54,162.9,7,157.6,7,111.5,28,109.9,102,518.79999999999995,95,287.8,166,523.70000000000005,47,320.39999999999998,433,345.7,195,317.89999999999998,238,372.4,302,410.8,37,539.9,49,144.19999999999999,<5,§,30,471.1,27,106.7,98,497.7,128,386.6,124,387.1,56,370.2,474,376.1,237,383.5,237,368.9,335,457,20,298.5,59,169.1,7,151.19999999999999,46,706.3,27,105.4,91,463.6,155,467.8,141,440.4,60,383.6,203,163,101,165.8,102,160.4,148,200.9,16,228.6,31,93.5,<5,§,<5,§,<5,§,48,244.2,72,218.1,73,230.3,8,54.5,219,174.8,103,167.9,116,181.5,159,216.3,22,321,19,55.9,<5,§,14,219.8,6,23.7,40,203.1,90,271.8,66,206,17,112.4,216,171.4,101,163.4,115,179,157,214.2,11,164.2,20,57.3,<5,§,27,414.6,5,19.5,41,208.9,77,232.4,71,221.8,22,140.6
Harbison Crest/El Cajon,758,544.70000000000005,302,442.6,456,642.79999999999995,579,678.8,45,631.79999999999995,95,269.5,11,233.9,11,161.6,50,180.1,168,780.5,170,474.3,284,768.9,86,502.7,813,580.6,323,470.1,490,687,584,686,60,859,91,251.4,6,124.5,45,652.20000000000005,42,152.6,183,845.7,255,710.6,235,630.6,98,553.29999999999995,812,576.20000000000005,368,531.6,444,619.29999999999995,588,692.8,36,526.5,96,257.60000000000002,10,204,69,979.1,49,176.3,163,751.9,278,774.4,235,632.5,87,473.1,350,251.5,159,233,191,269.3,260,304.8,20,280.8,51,144.69999999999999,6,127.6,9,132.19999999999999,7,25.2,81,376.3,131,365.5,117,316.8,14,81.8,368,262.8,162,235.8,206,288.8,269,316,29,415.2,34,93.9,<5,§,24,347.8,9,32.700000000000003,67,309.60000000000002,149,415.2,115,308.60000000000002,28,158.1,404,286.7,171,247,233,325,309,364.1,20,292.5,31,83.2,<5,§,41,581.79999999999995,9,32.4,92,424.4,138,384.4,132,355.3,33,179.5
Jamul,48,253.2,19,174.3,29,359.8,34,324.3,8,875.3,5,86.4,<5,§,<5,§,<5,§,18,567.1,8,166.8,15,250.5,<5,§,43,244.6,17,168.3,26,347.9,29,303.39999999999998,<5,§,9,164,<5,§,<5,§,<5,§,14,464,13,300.2,11,197.2,<5,§,58,320.8,25,240.6,33,429.3,38,392,<5,§,6,103.8,<5,§,5,956,<5,§,13,416,20,459,21,366.1,<5,§,19,100.2,11,100.9,8,99.3,12,114.5,<5,§,<5,§,<5,§,<5,§,<5,§,5,157.5,7,146,6,100.2,<5,§,37,210.5,13,128.69999999999999,24,321.10000000000002,16,167.4,6,721.2,10,182.2,<5,§,<5,§,<5,§,12,397.7,12,277.10000000000002,7,125.5,<5,§,24,132.80000000000001,15,144.30000000000001,9,117.1,10,103.2,<5,§,10,173,<5,§,<5,§,<5,§,5,160,11,252.5,<5,§,<5,§
La Mesa,340,575.4,159,564.20000000000005,181,585.6,268,723.5,25,603.6,32,270,<5,§,<5,§,19,197.3,73,865.5,106,620.70000000000005,115,748.7,27,314.10000000000002,339,565.1,132,461.1,207,660.1,244,654.29999999999995,20,486.7,41,332.5,<5,§,23,861.7,22,224.4,58,710,113,646.9,120,764.9,26,293.60000000000002,354,586.9,137,475.6,217,688.6,266,716.6,12,297.5,43,337.1,<5,§,20,729.1,18,177.9,60,773.8,117,657.9,96,615.6,63,694.5,138,233.5,72,255.5,66,213.5,102,275.39999999999998,12,289.7,17,143.4,<5,§,<5,§,6,62.3,39,462.4,52,304.5,34,221.4,7,81.400000000000006,155,258.39999999999998,80,279.5,75,239.2,100,268.10000000000002,13,316.39999999999998,12,97.3,<5,§,13,487.1,<5,§,30,367.2,67,383.6,44,280.5,10,112.9,182,301.7,82,284.7,100,317.3,120,323.3,17,421.4,22,172.5,<5,§,20,729.1,<5,§,44,567.4,60,337.4,55,352.7,19,209.5
Laguna‐Pine  Valley,7,132.6,5,178.6,<5,§,5,126.9,<5,§,<5,§,<5,§,<5,§,<5,§,<5,§,<5,§,<5,§,<5,§,5,88.6,<5,§,5,189.5,<5,§,<5,§,<5,§,<5,§,<5,§,<5,§,<5,§,<5,§,<5,§,<5,§,10,176.8,5,165.6,5,189.8,10,249.4,<5,§,<5,§,<5,§,<5,§,<5,§,<5,§,<5,§,<5,§,<5,§,<5,§,<5,§,<5,§,<5,§,<5,§,<5,§,<5,§,<5,§,<5,§,<5,§,<5,§,<5,§,<5,§,<5,§,<5,§,<5,§,<5,§,<5,§,<5,§,<5,§,<5,§,<5,§,<5,§,<5,§,<5,§,<5,§,<5,§,<5,§,<5,§,<5,§,<5,§,<5,§,<5,§,<5,§,<5,§,<5,§,<5,§,<5,§,<5,§
Lakeside,181,323.10000000000002,59,213,122,430.9,150,367.2,<5,§,18,173.7,<5,§,6,228.3,8,69.7,37,462.5,55,379.8,68,424.3,13,215.5,180,319.39999999999998,64,229.6,116,407.2,143,349.9,<5,§,16,150.6,<5,§,7,262.89999999999998,15,132.4,32,396.9,53,368.3,72,444.1,8,125.6,184,323.10000000000002,66,234.3,118,410,143,348.7,<5,§,21,191.1,<5,§,8,292.60000000000002,19,167.6,43,517.6,57,397.9,58,359.2,7,102.4,84,149.9,26,93.8,58,204.8,71,173.8,<5,§,5,48.2,<5,§,<5,§,<5,§,14,175,29,200.2,35,218.4,<5,§,85,150.80000000000001,27,96.9,58,203.6,74,181,<5,§,<5,§,<5,§,5,187.8,<5,§,12,148.80000000000001,40,278,24,148,7,109.9,62,108.9,16,56.8,46,159.80000000000001,51,124.4,<5,§,5,45.5,<5,§,6,219.5,<5,§,14,168.5,20,139.6,20,123.9,7,102.4
Lemon Grove,117,392.5,52,358.6,65,424.5,83,876.7,14,318.3,15,119.9,<5,§,<5,§,8,127.6,36,788.8,21,261.7,39,510.3,13,392.5,115,384,46,315.8,69,448.5,66,705.7,13,304.2,26,203,<5,§,<5,§,5,80.900000000000006,34,728.1,37,463.8,27,350.4,12,351.1,139,461.6,56,382.6,83,536.4,79,855.8,12,288.7,30,228.4,<5,§,11,858,23,372.2,31,645.29999999999995,40,508.3,28,362.8,17,480.2,61,204.6,30,206.9,31,202.5,43,454.2,9,204.6,8,64,<5,§,<5,§,<5,§,18,394.4,15,186.9,23,301,<5,§,51,170.3,19,130.4,32,208,26,278,12,280.8,8,62.5,<5,§,<5,§,<5,§,15,321.2,18,225.6,8,103.8,7,204.8,54,179.3,19,129.80000000000001,35,226.2,31,335.8,9,216.6,10,76.099999999999994,<5,§,<5,§,<5,§,8,166.5,19,241.5,19,246.2,<5,§
Mountain Empire,16,210.8,<5,§,12,342.4,9,217.4,<5,§,<5,§,<5,§,<5,§,<5,§,<5,§,<5,§,9,395.6,<5,§,35,411.5,14,305.89999999999998,21,534.4,25,554.20000000000005,<5,§,5,161.80000000000001,<5,§,<5,§,5,302.10000000000002,9,737.7,8,417.1,13,522.9,<5,§,44,513.79999999999995,21,455.5,23,581.79999999999995,33,751,<5,§,6,186,<5,§,<5,§,<5,§,5,394.9,11,586.70000000000005,22,915.1,<5,§,11,144.9,5,122.4,6,171.2,8,193.3,<5,§,<5,§,<5,§,<5,§,<5,§,<5,§,<5,§,5,219.8,<5,§,14,164.6,8,174.8,6,152.69999999999999,9,199.5,<5,§,<5,§,<5,§,<5,§,<5,§,8,655.7,<5,§,<5,§,<5,§,11,128.5,6,130.19999999999999,5,126.5,6,136.5,<5,§,<5,§,<5,§,<5,§,<5,§,<5,§,<5,§,6,249.6,<5,§
Santee,236,461.4,92,371.5,144,545.79999999999995,200,526.6,<5,§,20,245.9,6,288.2,<5,§,20,203.8,68,971.7,63,454.2,71,481.3,14,244.9,196,379.2,88,351.7,108,405,162,424.4,<5,§,14,166.8,<5,§,9,422.3,8,82.5,57,786.7,59,430.6,59,393.3,13,214.9,246,473.5,93,369.3,153,571.6,188,493.1,10,1207.7,25,289.2,<5,§,12,553.29999999999995,17,174.3,95,1282.0999999999999,53,393.6,70,468.6,11,172.3,77,150.5,31,125.2,46,174.3,62,163.30000000000001,<5,§,9,110.6,<5,§,<5,§,<5,§,17,242.9,33,237.9,20,135.6,<5,§,88,170.2,46,183.8,42,157.5,73,191.2,<5,§,7,83.4,<5,§,<5,§,<5,§,19,262.2,34,248.1,28,186.6,5,82.7,78,150.1,30,119.1,48,179.3,59,154.80000000000001,<5,§,8,92.5,<5,§,8,368.8,<5,§,16,215.9,30,222.8,23,154,5,78.3
Spring Valley,268,330.9,110,279.10000000000002,158,380,192,501.9,30,387.2,36,138.19999999999999,<5,§,<5,§,19,112.6,67,554.4,91,432.1,75,347.8,16,170,247,302.2,85,213.8,162,386,156,407.8,32,422.5,49,183.1,<5,§,<5,§,13,77.7,47,379.6,84,399.7,79,363,24,243.7,230,279.8,106,265.10000000000002,124,293.7,127,333.7,24,326.39999999999998,61,222.2,<5,§,10,258.89999999999998,17,100.5,51,406,78,373.9,64,294.7,20,196.8,101,124.7,43,109.1,58,139.5,63,164.7,15,193.6,18,69.099999999999994,<5,§,<5,§,<5,§,33,273.10000000000002,29,137.69999999999999,26,120.6,9,95.6,138,168.8,62,155.9,76,181.1,80,209.1,14,184.8,27,100.9,<5,§,12,320.89999999999998,<5,§,23,185.8,58,276,46,211.4,7,71.099999999999994,128,155.69999999999999,70,175,58,137.4,64,168.2,§,312.8,31,112.9,5,91.1,5,129.5,<5,§,19,151.30000000000001,67,321.2,35,161.19999999999999,<5,§
North Central Region,1586,262.60000000000002,660,216,926,310.3,1190,325.89999999999998,79,421,154,179.8,77,71.099999999999994,47,180,153,161.80000000000001,374,364.6,487,253.7,420,293.8,152,211.5,1735,284.5,678,219.8,1057,350.8,1291,353.5,80,427.9,156,177.8,96,86.1,65,244.3,182,192.8,396,382.4,545,281.39999999999998,441,305.2,171,232.1,1707,277.5,685,220.3,1022,336,1241,340,76,409.2,177,196.3,95,83.3,74,271.2,163,169.8,447,432.2,456,234.4,448,308.8,193,253.7,472,78.2,218,71.400000000000006,254,85.1,373,102.2,20,106.6,41,47.9,10,9.199999999999999,20,76.599999999999994,26,27.5,90,87.7,174,90.6,137,95.8,45,62.6,560,91.8,255,82.7,305,101.2,404,110.6,33,176.5,53,60.4,34,30.5,25,93.9,19,20.100000000000001,112,108.2,194,100.2,171,118.4,64,86.9,598,97.2,250,80.400000000000006,348,114.4,441,120.8,28,150.69999999999999,64,71,37,32.4,23,84.3,19,19.8,121,117,227,116.7,164,113,67,88.1
Coastal,204,270.60000000000002,80,206,124,339.4,161,264.7,5,686.8,15,186.4,8,242.6,9,364.1,14,182,34,305.10000000000002,76,274.39999999999998,54,328.3,26,209.7,238,315,92,236.3,146,398.8,195,321.60000000000002,<5,§,13,157.69999999999999,13,381.7,7,277.89999999999998,7,91.9,48,434.9,78,279.8,58,353.4,47,372.6,212,279.3,92,235.5,120,325.8,168,277.5,6,765.3,17,200.4,8,228.3,9,348.4,<5,§,48,434.5,66,236.1,60,363.6,35,274.8,71,94.2,29,74.7,42,115,66,108.5,<5,§,<5,§,<5,§,<5,§,<5,§,8,71.8,30,108.3,23,139.80000000000001,7,56.5,69,91.3,34,87.3,35,95.6,60,99,<5,§,<5,§,<5,§,<5,§,<5,§,10,90.6,22,78.900000000000006,18,109.7,15,118.9,78,102.8,29,74.2,49,133,62,102.4,<5,§,7,82.5,<5,§,<5,§,<5,§,13,117.7,33,118.1,21,127.3,10,78.5
Del Mar‐Mira Mesa,286,181.5,111,140.4,175,222.9,214,281.7,15,405.2,16,101.3,26,47.3,10,139.19999999999999,33,102.1,78,404.2,87,183,65,145.1,23,168.9,328,207,141,177.6,187,236.5,217,286.39999999999998,20,556.20000000000005,25,155.19999999999999,42,75.3,14,194,55,173.1,92,460.2,88,188.8,77,168.4,16,111.3,268,167.4,120,149.80000000000001,148,185.1,188,247.9,8,228.7,13,78.7,38,66.8,12,164.1,32,101.4,90,426.6,68,148.69999999999999,53,114.6,25,161.69999999999999,69,43.8,37,46.8,32,40.799999999999997,50,65.8,<5,§,5,31.6,<5,§,5,69.599999999999994,<5,§,19,98.5,23,48.4,20,44.6,5,36.700000000000003,117,73.8,47,59.2,70,88.5,74,97.7,<5,§,9,55.9,23,41.2,6,83.1,<5,§,28,140,40,85.8,37,80.900000000000006,9,62.6,104,65,42,52.4,62,77.5,66,87,<5,§,9,54.5,19,33.4,5,68.400000000000006,5,15.8,23,109,46,100.6,22,47.6,8,51.7
Elliott‐Navajo,259,290.7,129,298.39999999999998,130,283.39999999999998,199,331.2,11,273.60000000000002,37,285.2,<5,§,5,115.4,34,199.2,62,558.9,65,258.2,84,373.5,14,105.4,281,314.2,116,267.3,165,358.4,211,352.3,17,427.2,35,265.3,<5,§,12,271.2,50,294.8,66,609.20000000000005,76,299.5,73,323.10000000000002,16,117.1,269,298,95,216.8,174,374.7,187,311.60000000000002,11,278.8,51,376.7,<5,§,8,174.9,43,249.6,68,629.70000000000005,63,247,64,284.8,31,217.4,93,104.4,47,108.7,46,100.3,77,128.1,<5,§,10,77.099999999999994,<5,§,<5,§,5,29.3,15,135.19999999999999,34,135.1,33,146.69999999999999,6,45.2,100,111.8,53,122.2,47,102.1,73,121.9,9,226.2,10,75.8,<5,§,5,113,<5,§,21,193.9,38,149.80000000000001,34,150.5,<5,§,107,118.5,49,111.8,58,124.9,78,130,8,202.7,14,103.4,<5,§,5,109.3,<5,§,21,194.5,44,172.5,28,124.6,10,70.099999999999994
Kearny Mesa,573,378.9,211,280,362,477.2,400,474.3,40,595.6,69,206.1,29,146.30000000000001,16,234,57,245.3,142,602.79999999999995,165,331.9,145,407,64,335.7,608,400.8,214,283.2,394,517.5,439,523,34,515.70000000000005,67,196.6,25,124,22,317.89999999999998,58,246.8,127,577.6,186,367,179,495.3,58,299.2,664,435.6,264,347.7,400,522.79999999999995,471,563.70000000000005,41,632.29999999999995,81,232.5,27,131.80000000000001,27,382.4,75,307.2,169,823.5,174,338.1,189,519.70000000000005,57,289.60000000000002,164,108.5,68,90.2,96,126.5,121,143.5,9,134,21,62.7,<5,§,7,102.4,9,38.700000000000003,31,131.6,61,122.7,45,126.3,18,94.4,179,118,79,104.5,100,131.30000000000001,121,144.1,12,182,29,85.1,<5,§,8,115.6,8,34,31,141,58,114.4,56,154.9,26,134.1,222,145.6,90,118.5,132,172.5,170,203.4,7,108,26,74.599999999999994,10,48.8,6,85,8,32.799999999999997,48,233.9,74,143.80000000000001,64,176,28,142.30000000000001
Miramar,<5,§,<5,§,<5,§,<5,§,<5,§,<5,§,<5,§,<5,§,<5,§,<5,§,<5,§,<5,§,<5,§,<5,§,<5,§,<5,§,<5,§,<5,§,<5,§,<5,§,<5,§,<5,§,<5,§,<5,§,<5,§,<5,§,<5,§,<5,§,<5,§,<5,§,<5,§,<5,§,<5,§,<5,§,<5,§,<5,§,<5,§,<5,§,<5,§,<5,§,<5,§,<5,§,<5,§,<5,§,<5,§,<5,§,<5,§,<5,§,<5,§,<5,§,<5,§,<5,§,<5,§,<5,§,<5,§,<5,§,<5,§,<5,§,<5,§,<5,§,<5,§,<5,§,<5,§,<5,§,<5,§,<5,§,<5,§,<5,§,<5,§,<5,§,<5,§,<5,§,<5,§,<5,§,<5,§,<5,§,<5,§,<5,§
Peninsula,168,266.89999999999998,84,245.7,84,292.10000000000002,142,296.10000000000002,5,238.2,12,146.4,<5,§,5,202.5,12,152.9,37,296,69,327.9,37,258.5,13,179.9,165,261.7,66,192,99,345.1,148,310.2,<5,§,11,131.1,<5,§,<5,§,7,88.3,34,275.8,75,351.6,35,245.9,14,193.3,167,264,56,162.5,111,385.6,145,305.39999999999998,5,231.2,10,115.6,<5,§,<5,§,9,111,26,214.7,50,233.4,56,396.5,26,347.5,54,85.8,29,84.8,25,86.9,43,89.7,<5,§,<5,§,<5,§,<5,§,<5,§,10,80,20,95,15,104.8,7,96.8,50,79.3,<5,§,29,101.1,43,90.1,<5,§,<5,§,<5,§,<5,§,<5,§,13,105.5,18,84.4,14,98.3,<5,§,47,74.3,23,66.7,24,83.4,41,86.4,<5,§,<5,§,<5,§,<5,§,<5,§,7,57.8,14,65.3,19,134.5,6,80.2
University,94,149.9,45,144.80000000000001,49,154.80000000000001,72,218.7,<5,§,5,81.5,10,49.7,<5,§,<5,§,20,91.2,24,121.5,35,380.9,12,190.9,113,170,48,145.80000000000001,65,193.7,79,231,<5,§,5,74.599999999999994,13,60,7,255.6,5,85.7,28,115.4,42,203,18,193.6,20,312.89999999999998,124,182.1,58,172,66,192.1,81,234.9,5,408.2,5,70.5,17,75.900000000000006,14,485.4,<5,§,45,181.7,35,163.69999999999999,24,258.3,19,295,21,33.5,8,25.7,13,41.1,16,48.6,<5,§,<5,§,<5,§,<5,§,5,89.8,7,31.9,6,30.4,<5,§,<5,§,45,67.7,21,63.8,24,71.5,33,96.5,<5,§,<5,§,<5,§,<5,§,<5,§,9,37.1,18,87,12,129.1,6,93.9,39,57.3,16,47.4,23,66.900000000000006,24,69.599999999999994,<5,§,<5,§,<5,§,<5,§,<5,§,8,32.299999999999997,16,74.8,10,107.6,5,77.599999999999994
North Coastal Region,1374,271.60000000000002,560,217.2,814,328.2,1068,357,49,337.4,161,111.8,27,89.9,26,143,104,102.9,355,424,370,271,411,328.9,134,224.8,1494,293,628,241.8,866,346.2,1151,384.9,58,405,169,115.1,30,96.9,60,320,139,138.30000000000001,417,494.2,387,283.5,447,352.5,104,168.7,1417,275.5,552,210.7,865,342.8,1083,362,74,526.5,145,96.5,32,101.1,49,254.9,113,110.4,359,420.9,351,257.8,477,376,117,183.5,832,164.5,403,156.30000000000001,429,173,582,194.6,47,323.60000000000002,138,95.9,19,63.3,40,220,33,32.700000000000003,238,284.3,269,197,240,192.1,52,87.2,957,187.7,455,175.2,502,200.7,683,228.4,52,363.1,161,109.7,22,71.099999999999994,33,176,49,48.8,247,292.7,327,239.5,282,222.4,52,84.4,1096,213.1,523,199.6,573,227.1,780,260.7,73,519.4,180,119.7,20,63.2,37,192.5,60,58.6,313,366.9,348,255.6,319,251.4,56,87.9
Carlsbad,257,224,114,204.4,143,242.6,216,256,5,315.7,19,114,6,74,<5,§,20,91.1,58,474.6,71,235.9,80,245.3,28,157.19999999999999,322,277.89999999999998,108,191.8,214,359.4,279,329.5,5,317.7,16,93.2,11,131.6,8,196.7,34,155.9,103,802.8,84,283.7,72,217.3,29,157,308,262.3,118,206.7,190,314.8,265,310.8,<5,§,20,112.4,8,92.7,5,119.7,21,96.2,78,569,60,204.9,116,348,33,171.3,107,93.3,45,80.7,62,105.2,92,109,<5,§,8,48,<5,§,<5,§,<5,§,24,196.4,28,93,38,116.5,14,78.599999999999994,131,113.1,60,106.5,71,119.2,109,128.69999999999999,<5,§,11,64.099999999999994,<5,§,<5,§,<5,§,43,335.2,37,125,39,117.7,10,54.1,203,172.9,94,164.7,109,180.6,170,199.4,7,447,13,73.099999999999994,6,69.5,7,167.6,15,68.7,63,459.6,55,187.8,60,180,10,51.9
Oceanside,556,348.1,221,278.8,335,416.3,410,552.20000000000005,30,432.5,71,118.5,11,89.8,18,281.8,52,161.80000000000001,137,540.29999999999995,156,349.3,168,429.4,43,233.2,594,371,268,337.3,326,404.3,430,583.5,37,553.70000000000005,83,136.5,10,80.599999999999994,25,383,58,177.8,142,573.6,155,346.9,199,506.2,40,213.6,573,355.4,216,269.89999999999998,357,439.7,405,551.9,44,681.2,71,114.4,15,119.3,21,311.10000000000002,40,117.7,152,627.1,146,326.7,196,500.3,39,203.7,387,242.3,188,237.2,199,247.3,255,343.5,29,418,68,113.5,10,81.599999999999994,22,344.4,20,62.2,115,453.5,107,239.6,130,332.3,15,81.400000000000006,439,274.2,208,261.8,231,286.5,296,401.7,37,553.70000000000005,68,111.9,13,104.8,21,321.7,20,61.3,107,432.2,154,344.7,137,348.5,21,112.1,482,299,223,278.60000000000002,259,319,320,436.1,46,712.2,83,133.80000000000001,8,63.6,20,296.3,17,50,150,618.79999999999995,147,329,144,367.5,24,125.4
Pendleton,6,16,<5,§,<5,§,<5,§,<5,§,<5,§,<5,§,<5,§,<5,§,5,25,<5,§,<5,§,<5,§,6,15.9,<5,§,<5,§,<5,§,<5,§,<5,§,<5,§,<5,§,<5,§,6,29.6,<5,§,<5,§,<5,§,<5,§,<5,§,<5,§,<5,§,<5,§,<5,§,<5,§,<5,§,<5,§,<5,§,<5,§,<5,§,<5,§,<5,§,<5,§,<5,§,<5,§,<5,§,<5,§,<5,§,<5,§,<5,§,<5,§,<5,§,<5,§,<5,§,<5,§,<5,§,<5,§,<5,§,<5,§,<5,§,<5,§,<5,§,<5,§,<5,§,<5,§,<5,§,<5,§,<5,§,<5,§,<5,§,<5,§,<5,§,<5,§,<5,§,<5,§,<5,§,<5,§,<5,§,<5,§,<5,§
San Dieguito,252,269.39999999999998,91,197.8,161,338.8,225,306.8,<5,§,11,87.7,5,118.4,<5,§,12,70.900000000000006,58,618.29999999999995,63,255.4,81,276.10000000000002,38,287.3,240,252.9,110,235.7,130,269.5,210,283.7,<5,§,13,100.1,<5,§,6,204.3,21,125.7,77,768.3,63,257.60000000000002,60,201.7,19,136.1,211,220.9,84,178.8,127,261.7,180,243.3,<5,§,8,59.6,<5,§,12,399.5,15,90.2,58,542.1,41,171.4,72,243.3,25,170.5,92,98.4,36,78.2,56,117.9,78,106.4,<5,§,8,63.8,<5,§,<5,§,<5,§,21,223.9,29,117.6,29,98.8,11,83.2,123,129.6,60,128.6,63,130.6,109,147.30000000000001,<5,§,10,77,<5,§,<5,§,11,65.8,36,359.2,35,143.1,33,110.9,8,57.3,111,116.2,52,110.7,59,121.6,95,128.4,<5,§,11,82,<5,§,<5,§,<5,§,29,271.10000000000002,42,175.6,24,81.099999999999994,12,81.8
Vista,303,301.7,130,256.39999999999998,173,347.9,214,488,13,480.2,59,126.4,5,120.6,<5,§,20,93.9,97,578.79999999999995,79,275.2,82,348,25,247.7,332,327.60000000000002,138,270,194,386.3,228,522.6,14,532.29999999999995,57,119.4,8,189.3,20,648.29999999999995,26,121.4,89,539.70000000000005,85,293.8,116,481.6,16,153.69999999999999,322,315.39999999999998,133,258.2,189,373.7,231,534.5,23,906.2,46,94.1,6,139.4,10,319.2,37,169.5,70,432.5,102,349.2,93,383.4,20,188.6,245,243.9,133,262.3,112,225.2,156,355.7,14,517.20000000000005,54,115.7,6,144.69999999999999,13,425.5,8,37.5,77,459.5,105,365.8,43,182.5,12,118.9,263,259.60000000000002,126,246.5,137,272.8,168,385,11,418.3,72,150.80000000000001,<5,§,8,259.3,16,74.7,60,363.8,101,349.1,73,303.10000000000002,13,124.9,299,292.89999999999998,153,297.10000000000002,146,288.7,194,448.9,20,788,73,149.30000000000001,5,116.1,7,223.4,24,109.9,71,438.7,103,352.6,91,375.2,10,94.3
North Inland Region,1534,269.39999999999998,628,223.9,906,313.5,1216,386.3,52,502.4,151,92.1,44,74.400000000000006,43,202.9,148,123.8,378,490.3,415,279.60000000000002,448,294.10000000000002,145,201,1627,283.2,629,222.2,998,342.3,1206,384.2,55,540,201,119.4,56,92.5,73,338.6,146,123,444,556.79999999999995,438,297.89999999999998,478,309.39999999999998,121,162.1,1764,303.2,716,249.9,1048,354.9,1282,408.9,59,586.4,231,133,51,81.599999999999994,96,435.4,155,129.5,502,605.29999999999995,451,308.7,479,308.39999999999998,177,227.4,878,154.19999999999999,391,139.4,487,168.5,667,211.9,40,386.5,122,74.400000000000006,16,27,27,127.4,26,21.8,182,236.1,300,202.1,300,197,70,97,931,162,397,140.30000000000001,534,183.2,631,201,48,471.3,183,108.7,32,52.8,34,157.69999999999999,38,32,217,272.10000000000002,337,229.2,280,181.2,59,79,963,165.5,418,145.9,545,184.5,708,225.8,39,387.6,154,88.7,24,38.4,33,149.69999999999999,39,32.6,251,302.60000000000002,304,208.1,281,180.9,88,113
Anza‐Borrego Springs,20,450.5,11,489.8,9,410.2,16,570.79999999999995,<5,§,<5,§,<5,§,<5,§,<5,§,<5,§,5,817,9,620.70000000000005,<5,§,22,471.4,14,595.70000000000005,8,345.3,20,708.7,<5,§,<5,§,<5,§,<5,§,<5,§,<5,§,7,1104.0999999999999,7,480.1,<5,§,16,323.10000000000002,10,403.6,6,242.5,14,490.7,<5,§,<5,§,<5,§,<5,§,<5,§,<5,§,<5,§,9,626.70000000000005,<5,§,7,157.69999999999999,<5,§,6,273.5,7,249.7,<5,§,<5,§,<5,§,<5,§,<5,§,<5,§,<5,§,5,344.8,<5,§,9,192.8,<5,§,6,259,7,248.1,<5,§,<5,§,<5,§,<5,§,<5,§,<5,§,<5,§,<5,§,<5,§,<5,§,<5,§,<5,§,<5,§,<5,§,<5,§,<5,§,<5,§,<5,§,<5,§,<5,§,<5,§,<5,§
Escondido,484,296.89999999999998,190,234.9,294,357.9,370,520.4,23,683.5,69,93.1,8,78.3,7,165.3,40,110.5,102,397.9,144,318.10000000000002,152,395.9,46,262.5,546,332.5,214,262.60000000000002,332,401.3,368,521.70000000000005,31,941.4,107,141.30000000000001,10,96.4,21,487.9,43,119.1,127,490.4,158,349.1,187,477.9,31,173.9,624,377.2,230,280.39999999999998,394,472.3,435,623.5,27,835.1,107,138.1,12,113.7,31,707.6,50,136.6,158,604.79999999999995,177,391.5,174,443.3,65,356.3,384,235.6,180,222.6,204,248.3,286,402.3,19,564.6,63,85,5,49,8,188.9,14,38.700000000000003,72,280.8,130,287.2,137,356.8,31,176.9,418,254.5,184,225.8,234,282.8,268,380,33,1002.1,99,130.69999999999999,9,86.7,7,162.6,15,41.5,87,335.9,155,342.5,144,368,17,95.4,443,267.8,195,237.7,248,297.3,317,454.3,23,711.4,79,101.9,8,75.8,15,342.4,16,43.7,107,409.6,151,334,125,318.5,44,241.2
Fallbrook,134,283.3,68,288.8,66,277.8,112,410.2,<5,§,14,81.2,<5,§,<5,§,14,158.5,41,575.5,21,210.3,34,258,24,293.3,130,271.60000000000002,48,201.2,82,341.4,99,363.5,<5,§,20,112.3,<5,§,<5,§,15,169.5,33,455.4,35,346.1,33,251.1,14,164.3,105,218,46,191.4,59,244.4,69,256.10000000000002,<5,§,25,136.19999999999999,<5,§,7,600.9,5,55.4,28,384.9,28,274.89999999999998,29,224.9,15,170.8,67,141.6,30,127.4,37,155.80000000000001,44,161.1,<5,§,18,104.4,<5,§,<5,§,<5,§,17,238.6,24,240.3,17,129,7,85.5,94,196.4,39,163.5,55,229,63,231.3,<5,§,25,140.4,<5,§,<5,§,<5,§,19,262.2,41,405.4,23,175,7,82.1,90,186.8,34,141.5,56,232,63,233.8,<5,§,20,109,<5,§,<5,§,<5,§,30,412.4,33,324,20,155.1,6,68.3
North San Diego,250,234.6,133,258.3,117,212.6,196,312.8,6,235.6,10,93.9,19,74.099999999999994,11,218.6,28,124.8,70,611.6,61,197.8,67,231.4,24,186.3,349,324.3,131,251.8,218,392.2,267,425.1,<5,§,27,246.8,23,87.5,18,352.6,43,192.3,124,1033.3,85,279.3,68,230.4,29,217.9,351,316.39999999999998,160,298.3,191,333.4,245,382,12,482.3,30,260.5,27,98.2,21,397.2,32,139.69999999999999,139,1059.0999999999999,72,237.2,72,236.8,36,254.7,101,94.8,45,87.4,56,101.7,77,122.9,5,196.3,<5,§,8,31.2,9,178.8,<5,§,22,192.2,35,113.5,29,100.2,12,93.2,108,100.4,47,90.3,61,109.7,83,132.19999999999999,<5,§,10,91.4,9,34.299999999999997,6,117.5,<5,§,33,275,29,95.3,31,105,11,82.7,101,91.1,55,102.5,46,80.3,72,112.3,7,281.39999999999998,8,69.5,6,21.8,7,132.4,<5,§,33,251.4,27,88.9,26,85.5,11,77.8
Palomar‐Julian,9,143.6,<5,§,5,157,8,173.2,<5,§,<5,§,<5,§,<5,§,<5,§,<5,§,<5,§,<5,§,<5,§,10,155.6,6,189.3,<5,§,8,172.9,<5,§,<5,§,<5,§,<5,§,<5,§,<5,§,<5,§,<5,§,<5,§,23,352.3,15,467.4,8,241,20,435.8,<5,§,<5,§,<5,§,<5,§,<5,§,<5,§,10,901.7,<5,§,9,547.79999999999995,<5,§,<5,§,<5,§,<5,§,<5,§,<5,§,<5,§,<5,§,<5,§,<5,§,<5,§,<5,§,<5,§,7,108.9,<5,§,5,153.4,<5,§,<5,§,<5,§,<5,§,<5,§,<5,§,<5,§,<5,§,<5,§,<5,§,9,137.80000000000001,5,155.80000000000001,<5,§,8,174.3,<5,§,<5,§,<5,§,<5,§,<5,§,<5,§,<5,§,<5,§,<5,§
Pauma,<5,§,<5,§,<5,§,<5,§,<5,§,<5,§,<5,§,<5,§,<5,§,<5,§,<5,§,<5,§,<5,§,15,193,8,199.9,7,185.7,8,256.10000000000002,<5,§,<5,§,<5,§,5,372.6,<5,§,8,736.6,<5,§,6,293.10000000000002,<5,§,9,115.4,<5,§,5,132.1,8,267.89999999999998,<5,§,<5,§,<5,§,<5,§,<5,§,<5,§,<5,§,6,294.8,<5,§,15,201.1,6,156,9,249.2,7,225.7,<5,§,5,185.4,<5,§,<5,§,<5,§,<5,§,5,251.5,7,348.6,<5,§,6,77.2,<5,§,<5,§,<5,§,<5,§,<5,§,<5,§,<5,§,<5,§,<5,§,<5,§,<5,§,<5,§,5,64.099999999999994,<5,§,5,132.1,<5,§,<5,§,<5,§,<5,§,<5,§,<5,§,<5,§,<5,§,<5,§,<5,§
Poway,221,256.10000000000002,80,189.7,141,319.39999999999998,179,308.8,7,463.3,20,193.7,5,38.1,6,177.8,20,112.9,69,682.6,48,230.7,60,223.3,24,221.8,217,249.7,79,186.1,138,310.5,180,310.60000000000002,8,540.5,6,56.5,12,89.3,7,205.3,13,75.400000000000006,74,675.6,43,213.7,71,259.8,16,142.1,244,279.2,100,234.2,144,322.2,188,325.2,8,555.20000000000005,19,173.7,6,43.6,18,522.29999999999995,24,142.6,67,564.20000000000005,60,308,74,270.7,19,160.19999999999999,94,108.9,43,102,51,115.5,79,136.30000000000001,6,397.1,<5,§,<5,§,<5,§,<5,§,23,227.5,33,158.6,28,104.2,7,64.7,84,96.7,29,68.3,55,123.7,57,98.4,<5,§,11,103.5,8,59.5,<5,§,<5,§,22,200.8,22,109.3,25,91.5,11,97.7,73,83.5,33,77.3,40,89.5,60,103.8,<5,§,7,64,<5,§,<5,§,<5,§,22,185.2,19,97.5,25,91.4,6,50.6
Ramona,128,367.1,50,285.2,78,449.9,111,446.9,<5,§,7,85.3,<5,§,<5,§,13,185.6,34,658,47,591.9,30,272.3,<5,§,110,310.39999999999998,40,224.7,70,396.9,86,343.7,<5,§,9,105.6,<5,§,6,591.1,6,87.8,29,528.70000000000005,39,493.4,33,294.8,<5,§,127,356.4,60,335.5,67,377.5,114,457.3,<5,§,8,91.1,<5,§,<5,§,13,193.6,33,578.70000000000005,36,459.8,38,342,7,163.6,54,154.9,26,148.30000000000001,28,161.5,47,189.2,<5,§,6,73.099999999999994,<5,§,<5,§,<5,§,12,232.2,20,251.9,22,199.7,<5,§,56,158,27,151.69999999999999,29,164.4,50,199.8,<5,§,<5,§,<5,§,<5,§,<5,§,16,291.7,24,303.60000000000002,11,98.3,<5,§,64,179.6,29,162.1,35,197.2,60,240.7,<5,§,<5,§,<5,§,<5,§,<5,§,15,263.10000000000002,22,281,24,216,<5,§
San Marcos,224,249,69,156.80000000000001,155,337.2,171,376.3,12,681,24,73.599999999999994,5,68.599999999999994,8,278.7,23,114.8,48,382.6,57,225.7,78,382.8,18,153,190,210.7,68,154.1,122,264.8,143,318.2,9,526.29999999999995,23,69.2,5,67.5,5,173.5,20,100.6,32,250.3,58,232.9,57,275.3,23,193.2,223,243.8,77,172.1,146,312.5,164,365.3,7,419.7,31,90.2,5,65.8,10,341.4,27,133.9,56,424.2,51,205.4,68,322.39999999999998,21,172.4,126,140.1,53,120.5,73,158.80000000000001,95,209.1,7,397.3,21,64.400000000000006,<5,§,<5,§,<5,§,27,215.2,40,158.4,47,230.7,10,85,106,117.5,44,99.7,62,134.6,64,142.4,8,467.8,25,75.2,5,67.5,<5,§,8,40.200000000000003,24,187.7,43,172.7,24,115.9,7,58.8,155,169.5,56,125.2,99,211.9,108,240.6,<5,§,32,93.1,<5,§,6,204.8,17,84.3,32,242.4,39,157.1,51,241.8,16,131.30000000000001
Valley Center,60,257.2,20,170.8,40,344.2,49,327.5,<5,§,<5,§,<5,§,5,319.5,6,145.5,12,388.2,27,581.5,12,156,<5,§,38,162,21,178.5,17,145.4,27,182.1,<5,§,6,100.1,<5,§,5,315.10000000000002,<5,§,12,368.4,11,244,12,156.80000000000001,<5,§,42,178.3,14,118.5,28,238.6,25,170.6,<5,§,8,128.69999999999999,<5,§,6,370.6,<5,§,18,531.9,11,247.7,6,80.2,<5,§,29,124.3,7,59.8,22,189.3,25,167.1,<5,§,<5,§,<5,§,<5,§,<5,§,6,194.1,13,280,7,91,<5,§,43,183.3,20,170,23,196.7,33,222.5,<5,§,7,116.7,<5,§,<5,§,<5,§,11,337.7,18,399.3,12,156.80000000000001,<5,§,20,84.9,10,84.6,10,85.2,14,95.6,<5,§,<5,§,<5,§,<5,§,<5,§,9,266,6,135.1,<5,§,<5,§
South Region,1163,248.2,457,195.2,706,301.2,550,560.5,75,380.6,428,154.1,69,116,18,134.1,94,92.9,302,373.8,313,237.3,380,358.4,74,152.4,1236,263.3,527,225.5,709,300.8,564,586.70000000000005,82,436.2,458,162.9,58,96.7,27,201,121,120.2,373,459.4,319,244.9,327,302.89999999999998,96,194.3,1318,278.39999999999998,581,246.9,737,309.60000000000002,583,614.5,80,440.2,546,190.9,40,65.900000000000006,40,293.5,112,109.7,362,438.8,365,282.5,381,349.5,98,194.1,551,117.6,224,95.7,327,139.5,262,267,31,157.30000000000001,221,79.599999999999994,30,50.4,<5,§,20,19.8,130,160.9,187,141.80000000000001,163,153.80000000000001,51,105,607,129.30000000000001,256,109.5,351,148.9,279,290.2,29,154.30000000000001,240,85.4,35,58.4,20,148.9,33,32.799999999999997,139,171.2,196,150.5,184,170.4,55,111.3,615,129.9,272,115.6,343,144.1,248,261.39999999999998,31,170.6,284,99.3,36,59.3,16,117.4,31,30.4,153,185.5,198,153.19999999999999,194,177.9,39,77.2
Chula Vista,482,418.3,201,361.9,281,470.7,249,1165.5999999999999,19,480.9,184,226.2,16,265.60000000000002,8,312.3,44,179.7,126,670.5,108,348.7,166,627.29999999999995,38,261.8,475,409.8,214,383.3,261,434.4,218,1041.5,31,809.6,171,207.2,21,346.4,13,507,50,204.9,141,741.8,122,394.8,114,423.2,48,327.2,516,442.5,227,404.4,289,478,236,1155.7,32,866,215,256.5,11,180.7,13,503.7,43,173.6,129,670.2,146,476.3,162,596.9,36,243.4,265,230,116,208.9,149,249.6,145,678.8,15,379.7,94,115.6,7,116.2,<5,§,10,40.799999999999997,65,345.9,85,274.39999999999998,76,287.2,29,199.8,290,250.2,125,223.9,165,274.60000000000002,145,692.7,15,391.7,110,133.30000000000001,10,164.9,8,312,19,77.900000000000006,65,342,96,310.7,80,297,30,204.5,245,210.1,118,210.2,127,210,111,543.6,11,297.7,106,126.5,11,180.7,6,232.5,12,48.4,49,254.6,75,244.7,91,335.3,18,121.7
Coronado,37,149.80000000000001,14,96.3,23,226.5,32,178.6,<5,§,<5,§,<5,§,<5,§,5,159.69999999999999,6,92.7,14,212.4,11,219.1,<5,§,42,180,15,112.2,27,271.10000000000002,32,187.4,<5,§,<5,§,<5,§,<5,§,<5,§,11,193.5,11,183.1,9,179.6,7,197.7,41,176.8,16,121.1,25,250.7,39,231.2,<5,§,<5,§,<5,§,<5,§,5,162.4,8,140.9,10,170,13,263.60000000000002,5,138.30000000000001,16,64.8,<5,§,12,118.2,15,83.7,<5,§,<5,§,<5,§,<5,§,<5,§,<5,§,6,91,6,119.5,<5,§,14,60,<5,§,12,120.5,12,70.3,<5,§,<5,§,<5,§,<5,§,<5,§,<5,§,<5,§,<5,§,<5,§,14,60.4,<5,§,10,100.3,14,83,<5,§,<5,§,<5,§,<5,§,<5,§,<5,§,<5,§,<5,§,<5,§
National City,152,260.60000000000002,66,220,86,303.7,69,1015.8,10,390.8,55,148.1,15,142.30000000000001,<5,§,8,65.599999999999994,32,261.2,31,197.1,68,567.1,13,210.9,188,321.39999999999998,69,229.9,119,417.8,79,1198.5999999999999,12,484.5,88,234.3,7,66.2,<5,§,17,139.6,45,367.7,45,284.8,65,533.1,16,263.2,177,301.3,92,305.89999999999998,85,296.39999999999998,63,984.4,10,415.1,82,215.4,13,123,<5,§,8,64.900000000000006,46,373.7,52,327.7,46,376.4,25,414.3,76,130.30000000000001,32,106.7,44,155.4,22,323.89999999999998,<5,§,42,113.1,10,94.9,<5,§,<5,§,8,65.3,30,190.8,29,241.8,5,81.099999999999994,91,155.6,42,140,49,172,35,531,<5,§,40,106.5,9,85.1,<5,§,<5,§,13,106.2,27,170.9,39,319.89999999999998,8,131.6,101,171.9,48,159.6,53,184.8,39,609.4,6,249.1,40,105.1,16,151.4,<5,§,<5,§,24,195,33,208,30,245.5,10,165.7
South Bay,297,220.1,117,171.9,180,269.2,119,579.79999999999995,23,424,128,138.5,18,137.80000000000001,<5,§,20,67.599999999999994,64,267.8,107,282.10000000000002,91,297.39999999999998,15,116.2,328,242.7,143,210.1,185,275.8,130,646.29999999999995,15,289,149,159.69999999999999,15,114.8,6,172.6,28,94.5,93,391.3,99,263.2,91,294.39999999999998,17,128.80000000000001,393,289.8,168,246.4,225,333.8,151,767.5,20,402.8,194,205.5,<5,§,15,429.7,38,125.7,114,483.6,103,275.2,121,391.5,17,126.4,141,104.5,52,76.400000000000006,89,133.1,59,287.5,8,147.5,65,70.3,8,61.2,<5,§,6,20.3,35,146.5,49,129.19999999999999,40,130.69999999999999,11,85.2,147,108.8,60,88.2,87,129.69999999999999,58,288.3,7,134.80000000000001,69,74,8,61.2,<5,§,7,23.6,37,155.69999999999999,50,132.9,44,142.30000000000001,9,68.2,174,128.30000000000001,68,99.7,106,157.19999999999999,51,259.2,7,141,104,110.1,6,46,6,171.9,10,33.1,49,207.9,58,155,48,155.30000000000001,9,66.900000000000006
Sweetwater,195,144.1,59,89.5,136,196,81,256.8,23,368.4,60,94.5,20,69.2,6,116,17,53.4,74,382,53,130.30000000000001,44,137.80000000000001,7,60.9,203,148.6,86,129.4,117,166.9,105,334.1,22,363.9,49,75.900000000000006,13,44.3,6,114.7,22,70.099999999999994,83,405,42,105.2,48,145.9,8,67.099999999999994,191,137.19999999999999,78,115.2,113,158,94,298.3,18,305.10000000000002,55,82.9,13,43.2,8,149,18,56.8,65,299.7,54,137.1,39,115.3,15,119,53,39.200000000000003,20,30.3,33,47.6,21,66.599999999999994,6,96.1,20,31.5,<5,§,<5,§,<5,§,20,103.2,17,41.8,12,37.6,<5,§,65,47.6,27,40.6,38,54.2,29,92.3,<5,§,19,29.4,8,27.2,5,95.6,<5,§,21,102.5,19,47.6,17,51.7,5,42,81,58.2,34,50.2,47,65.7,33,104.7,7,118.7,34,51.2,<5,§,<5,§,<5,§,28,129.1,28,71.099999999999994,21,62.1,<5,§
Unknown,<5,‐‐‐,<5,‐‐‐,<5,‐‐‐,<5,‐‐‐,<5,‐‐‐,<5,‐‐‐,<5,‐‐‐,<5,‐‐‐,<5,‐‐‐,<5,‐‐‐,<5,‐‐‐,<5,‐‐‐,<5,‐‐‐,<5,‐‐‐,<5,‐‐‐,<5,‐‐‐,<5,‐‐‐,<5,‐‐‐,<5,‐‐‐,<5,‐‐‐,<5,‐‐‐,<5,‐‐‐,<5,‐‐‐,<5,‐‐‐,<5,‐‐‐,<5,‐‐‐,1111,‐‐‐,791,‐‐‐,320,‐‐‐,766,‐‐‐,110,‐‐‐,130,‐‐‐,9,‐‐‐,52,‐‐‐,7,‐‐‐,128,‐‐‐,470,‐‐‐,461,‐‐‐,45,‐‐‐,191,‐‐‐,142,‐‐‐,49,‐‐‐,148,‐‐‐,17,‐‐‐,20,‐‐‐,<5,‐‐‐,<5,‐‐‐,<5,‐‐‐,29,‐‐‐,82,‐‐‐,75,‐‐‐,<5,‐‐‐,160,‐‐‐,108,‐‐‐,52,‐‐‐,118,‐‐‐,13,‐‐‐,19,‐‐‐,<5,‐‐‐,7,‐‐‐,<5,‐‐‐,15,‐‐‐,81,‐‐‐,59,‐‐‐,5,‐‐‐,8,‐‐‐,<5,‐‐‐,5,‐‐‐,5,‐‐‐,<5,‐‐‐,<5,‐‐‐,<5,‐‐‐,<5,‐‐‐,<5,‐‐‐,<5,‐‐‐,<5,‐‐‐,<5,‐‐‐,<5,‐‐‐
